game_id,prob
2025-1103-1106,0.6235065358232131
2025-1103-1110,0.6235065358232131
2025-1103-1116,0.39682897030369974
2025-1103-1120,0.1414344888198872
2025-1103-1136,0.586762964479468
2025-1103-1155,0.233618548035873
2025-1103-1161,0.4722840856783636
2025-1103-1163,0.32598227641018485
2025-1103-1166,0.3606476196757848
2025-1103-1179,0.43417518508745834
2025-1103-1188,0.6235065358232131
2025-1103-1196,0.1414344888198872
2025-1103-1208,0.3606476196757848
2025-1103-1211,0.32598227641018485
2025-1103-1213,0.5107187518800239
2025-1103-1219,0.5107187518800239
2025-1103-1222,0.1414344888198872
2025-1103-1228,0.2622839339242245
2025-1103-1235,0.18306647858295352
2025-1103-1242,0.29312133663482076
2025-1103-1246,0.18306647858295352
2025-1103-1252,0.5490271043904089
2025-1103-1257,0.32598227641018485
2025-1103-1266,0.29312133663482076
2025-1103-1268,0.20720609478049373
2025-1103-1270,0.4722840856783636
2025-1103-1272,0.233618548035873
2025-1103-1276,0.233618548035873
2025-1103-1277,0.16116743084587362
2025-1103-1279,0.2622839339242245
2025-1103-1281,0.2622839339242245
2025-1103-1285,0.5490271043904089
2025-1103-1291,0.6235065358232131
2025-1103-1303,0.586762964479468
2025-1103-1307,0.39682897030369974
2025-1103-1313,0.6235065358232131
2025-1103-1314,0.43417518508745834
2025-1103-1328,0.3606476196757848
2025-1103-1345,0.20720609478049373
2025-1103-1352,0.586762964479468
2025-1103-1361,0.43417518508745834
2025-1103-1384,0.6235065358232131
2025-1103-1385,0.16116743084587362
2025-1103-1397,0.16116743084587362
2025-1103-1400,0.43417518508745834
2025-1103-1401,0.20720609478049373
2025-1103-1403,0.18306647858295352
2025-1103-1407,0.5490271043904089
2025-1103-1417,0.29312133663482076
2025-1103-1423,0.5490271043904089
2025-1103-1429,0.39682897030369974
2025-1103-1459,0.586762964479468
2025-1103-1462,0.43417518508745834
2025-1103-1463,0.5107187518800239
2025-1103-1471,0.4722840856783636
2025-1104-1103,0.8500929821525013
2025-1104-1106,0.8999714590569488
2025-1104-1110,0.8999714590569488
2025-1104-1112,0.586762964479468
2025-1104-1116,0.7813846133554377
2025-1104-1120,0.4722840856783636
2025-1104-1124,0.7539691535536931
2025-1104-1136,0.8852433217733948
2025-1104-1140,0.6588823491045602
2025-1104-1155,0.6235065358232131
2025-1104-1161,0.829412820035089
2025-1104-1163,0.7243285924775411
2025-1104-1166,0.7539691535536931
2025-1104-1179,0.8065290469198179
2025-1104-1188,0.8999714590569488
2025-1104-1196,0.4722840856783636
2025-1104-1208,0.7539691535536931
2025-1104-1211,0.7243285924775411
2025-1104-1213,0.8500929821525013
2025-1104-1219,0.8500929821525013
2025-1104-1222,0.4722840856783636
2025-1104-1228,0.6588823491045602
2025-1104-1235,0.5490271043904089
2025-1104-1242,0.6925731195044659
2025-1104-1246,0.5490271043904089
2025-1104-1251,0.829412820035089
2025-1104-1252,0.8686630911135013
2025-1104-1257,0.7243285924775411
2025-1104-1266,0.6925731195044659
2025-1104-1268,0.586762964479468
2025-1104-1270,0.829412820035089
2025-1104-1272,0.6235065358232131
2025-1104-1276,0.6235065358232131
2025-1104-1277,0.5107187518800239
2025-1104-1279,0.6588823491045602
2025-1104-1280,0.7243285924775411
2025-1104-1281,0.6588823491045602
2025-1104-1285,0.8686630911135013
2025-1104-1291,0.8999714590569488
2025-1104-1303,0.8852433217733948
2025-1104-1307,0.7813846133554377
2025-1104-1313,0.8999714590569488
2025-1104-1314,0.8065290469198179
2025-1104-1328,0.7539691535536931
2025-1104-1332,0.6235065358232131
2025-1104-1345,0.586762964479468
2025-1104-1352,0.8852433217733948
2025-1104-1361,0.8065290469198179
2025-1104-1384,0.8999714590569488
2025-1104-1385,0.5107187518800239
2025-1104-1388,0.6925731195044659
2025-1104-1397,0.5107187518800239
2025-1104-1400,0.8065290469198179
2025-1104-1401,0.586762964479468
2025-1104-1403,0.5490271043904089
2025-1104-1407,0.8686630911135013
2025-1104-1417,0.6925731195044659
2025-1104-1423,0.8686630911135013
2025-1104-1429,0.7813846133554377
2025-1104-1433,0.8065290469198179
2025-1104-1435,0.7813846133554377
2025-1104-1458,0.5490271043904089
2025-1104-1459,0.8852433217733948
2025-1104-1462,0.8065290469198179
2025-1104-1463,0.8500929821525013
2025-1104-1471,0.829412820035089
2025-1106-1116,0.29312133663482076
2025-1106-1161,0.3606476196757848
2025-1106-1163,0.233618548035873
2025-1106-1179,0.32598227641018485
2025-1106-1196,0.09406314155204047
2025-1106-1213,0.39682897030369974
2025-1106-1242,0.20720609478049373
2025-1106-1268,0.1414344888198872
2025-1106-1272,0.16116743084587362
2025-1106-1281,0.18306647858295352
2025-1106-1303,0.4722840856783636
2025-1106-1313,0.5107187518800239
2025-1106-1328,0.2622839339242245
2025-1106-1384,0.5107187518800239
2025-1106-1385,0.10801835955461186
2025-1106-1403,0.12376113568790008
2025-1106-1423,0.43417518508745834
2025-1110-1106,0.5107187518800239
2025-1110-1116,0.29312133663482076
2025-1110-1120,0.09406314155204047
2025-1110-1136,0.4722840856783636
2025-1110-1155,0.16116743084587362
2025-1110-1161,0.3606476196757848
2025-1110-1163,0.233618548035873
2025-1110-1166,0.2622839339242245
2025-1110-1179,0.32598227641018485
2025-1110-1188,0.5107187518800239
2025-1110-1196,0.09406314155204047
2025-1110-1208,0.2622839339242245
2025-1110-1211,0.233618548035873
2025-1110-1213,0.39682897030369974
2025-1110-1219,0.39682897030369974
2025-1110-1222,0.09406314155204047
2025-1110-1228,0.18306647858295352
2025-1110-1235,0.12376113568790008
2025-1110-1242,0.20720609478049373
2025-1110-1246,0.12376113568790008
2025-1110-1252,0.43417518508745834
2025-1110-1257,0.233618548035873
2025-1110-1266,0.20720609478049373
2025-1110-1268,0.1414344888198872
2025-1110-1270,0.3606476196757848
2025-1110-1272,0.16116743084587362
2025-1110-1276,0.16116743084587362
2025-1110-1277,0.10801835955461186
2025-1110-1279,0.18306647858295352
2025-1110-1281,0.18306647858295352
2025-1110-1291,0.5107187518800239
2025-1110-1303,0.4722840856783636
2025-1110-1307,0.29312133663482076
2025-1110-1313,0.5107187518800239
2025-1110-1314,0.32598227641018485
2025-1110-1328,0.2622839339242245
2025-1110-1345,0.1414344888198872
2025-1110-1361,0.32598227641018485
2025-1110-1384,0.5107187518800239
2025-1110-1385,0.10801835955461186
2025-1110-1397,0.10801835955461186
2025-1110-1400,0.32598227641018485
2025-1110-1401,0.1414344888198872
2025-1110-1403,0.12376113568790008
2025-1110-1407,0.43417518508745834
2025-1110-1417,0.20720609478049373
2025-1110-1423,0.43417518508745834
2025-1110-1429,0.29312133663482076
2025-1110-1459,0.4722840856783636
2025-1110-1462,0.32598227641018485
2025-1110-1463,0.39682897030369974
2025-1110-1471,0.3606476196757848
2025-1112-1103,0.8065290469198179
2025-1112-1106,0.8686630911135013
2025-1112-1110,0.8686630911135013
2025-1112-1116,0.7243285924775411
2025-1112-1120,0.39682897030369974
2025-1112-1124,0.6925731195044659
2025-1112-1136,0.8500929821525013
2025-1112-1140,0.586762964479468
2025-1112-1155,0.5490271043904089
2025-1112-1161,0.7813846133554377
2025-1112-1163,0.6588823491045602
2025-1112-1166,0.6925731195044659
2025-1112-1179,0.7539691535536931
2025-1112-1188,0.8686630911135013
2025-1112-1196,0.39682897030369974
2025-1112-1208,0.6925731195044659
2025-1112-1211,0.6588823491045602
2025-1112-1213,0.8065290469198179
2025-1112-1219,0.8065290469198179
2025-1112-1222,0.39682897030369974
2025-1112-1228,0.586762964479468
2025-1112-1235,0.4722840856783636
2025-1112-1242,0.6235065358232131
2025-1112-1246,0.4722840856783636
2025-1112-1251,0.7813846133554377
2025-1112-1252,0.829412820035089
2025-1112-1257,0.6588823491045602
2025-1112-1266,0.6235065358232131
2025-1112-1268,0.5107187518800239
2025-1112-1270,0.7813846133554377
2025-1112-1272,0.5490271043904089
2025-1112-1276,0.5490271043904089
2025-1112-1277,0.43417518508745834
2025-1112-1279,0.586762964479468
2025-1112-1280,0.6588823491045602
2025-1112-1281,0.586762964479468
2025-1112-1285,0.829412820035089
2025-1112-1291,0.8686630911135013
2025-1112-1303,0.8500929821525013
2025-1112-1307,0.7243285924775411
2025-1112-1313,0.8686630911135013
2025-1112-1314,0.7539691535536931
2025-1112-1328,0.6925731195044659
2025-1112-1332,0.5490271043904089
2025-1112-1345,0.5107187518800239
2025-1112-1352,0.8500929821525013
2025-1112-1361,0.7539691535536931
2025-1112-1384,0.8686630911135013
2025-1112-1385,0.43417518508745834
2025-1112-1388,0.6235065358232131
2025-1112-1397,0.43417518508745834
2025-1112-1400,0.7539691535536931
2025-1112-1401,0.5107187518800239
2025-1112-1403,0.4722840856783636
2025-1112-1407,0.829412820035089
2025-1112-1417,0.6235065358232131
2025-1112-1423,0.829412820035089
2025-1112-1429,0.7243285924775411
2025-1112-1433,0.7539691535536931
2025-1112-1435,0.7243285924775411
2025-1112-1459,0.8500929821525013
2025-1112-1462,0.7539691535536931
2025-1112-1463,0.8065290469198179
2025-1112-1471,0.7813846133554377
2025-1116-1161,0.586762964479468
2025-1116-1179,0.5490271043904089
2025-1116-1213,0.6235065358232131
2025-1116-1303,0.6925731195044659
2025-1116-1313,0.7243285924775411
2025-1116-1423,0.6588823491045602
2025-1120-1106,0.9129951329976932
2025-1120-1116,0.8065290469198179
2025-1120-1136,0.8999714590569488
2025-1120-1161,0.8500929821525013
2025-1120-1163,0.7539691535536931
2025-1120-1166,0.7813846133554377
2025-1120-1179,0.829412820035089
2025-1120-1196,0.5107187518800239
2025-1120-1213,0.8686630911135013
2025-1120-1235,0.586762964479468
2025-1120-1242,0.7243285924775411
2025-1120-1252,0.8852433217733948
2025-1120-1257,0.7539691535536931
2025-1120-1266,0.7243285924775411
2025-1120-1268,0.6235065358232131
2025-1120-1272,0.6588823491045602
2025-1120-1276,0.6588823491045602
2025-1120-1277,0.5490271043904089
2025-1120-1279,0.6925731195044659
2025-1120-1281,0.6925731195044659
2025-1120-1303,0.8999714590569488
2025-1120-1307,0.8065290469198179
2025-1120-1313,0.9129951329976932
2025-1120-1314,0.829412820035089
2025-1120-1328,0.7813846133554377
2025-1120-1361,0.829412820035089
2025-1120-1384,0.9129951329976932
2025-1120-1385,0.5490271043904089
2025-1120-1401,0.6235065358232131
2025-1120-1403,0.586762964479468
2025-1120-1423,0.8852433217733948
2025-1120-1463,0.8686630911135013
2025-1120-1471,0.8500929821525013
2025-1124-1103,0.6588823491045602
2025-1124-1106,0.7539691535536931
2025-1124-1110,0.7539691535536931
2025-1124-1116,0.5490271043904089
2025-1124-1120,0.233618548035873
2025-1124-1136,0.7243285924775411
2025-1124-1155,0.3606476196757848
2025-1124-1161,0.6235065358232131
2025-1124-1163,0.4722840856783636
2025-1124-1166,0.5107187518800239
2025-1124-1179,0.586762964479468
2025-1124-1188,0.7539691535536931
2025-1124-1196,0.233618548035873
2025-1124-1208,0.5107187518800239
2025-1124-1211,0.4722840856783636
2025-1124-1213,0.6588823491045602
2025-1124-1219,0.6588823491045602
2025-1124-1222,0.233618548035873
2025-1124-1228,0.39682897030369974
2025-1124-1235,0.29312133663482076
2025-1124-1242,0.43417518508745834
2025-1124-1246,0.29312133663482076
2025-1124-1251,0.6235065358232131
2025-1124-1252,0.6925731195044659
2025-1124-1257,0.4722840856783636
2025-1124-1266,0.43417518508745834
2025-1124-1268,0.32598227641018485
2025-1124-1270,0.6235065358232131
2025-1124-1272,0.3606476196757848
2025-1124-1276,0.3606476196757848
2025-1124-1277,0.2622839339242245
2025-1124-1279,0.39682897030369974
2025-1124-1281,0.39682897030369974
2025-1124-1285,0.6925731195044659
2025-1124-1291,0.7539691535536931
2025-1124-1303,0.7243285924775411
2025-1124-1307,0.5490271043904089
2025-1124-1313,0.7539691535536931
2025-1124-1314,0.586762964479468
2025-1124-1328,0.5107187518800239
2025-1124-1345,0.32598227641018485
2025-1124-1352,0.7243285924775411
2025-1124-1361,0.586762964479468
2025-1124-1384,0.7539691535536931
2025-1124-1385,0.2622839339242245
2025-1124-1397,0.2622839339242245
2025-1124-1400,0.586762964479468
2025-1124-1401,0.32598227641018485
2025-1124-1403,0.29312133663482076
2025-1124-1407,0.6925731195044659
2025-1124-1417,0.43417518508745834
2025-1124-1423,0.6925731195044659
2025-1124-1429,0.5490271043904089
2025-1124-1433,0.586762964479468
2025-1124-1435,0.5490271043904089
2025-1124-1459,0.7243285924775411
2025-1124-1462,0.586762964479468
2025-1124-1463,0.6588823491045602
2025-1124-1471,0.6235065358232131
2025-1136-1106,0.5490271043904089
2025-1136-1116,0.32598227641018485
2025-1136-1161,0.39682897030369974
2025-1136-1163,0.2622839339242245
2025-1136-1179,0.3606476196757848
2025-1136-1196,0.10801835955461186
2025-1136-1213,0.43417518508745834
2025-1136-1242,0.233618548035873
2025-1136-1268,0.16116743084587362
2025-1136-1272,0.18306647858295352
2025-1136-1281,0.20720609478049373
2025-1136-1303,0.5107187518800239
2025-1136-1313,0.5490271043904089
2025-1136-1328,0.29312133663482076
2025-1136-1384,0.5490271043904089
2025-1136-1385,0.12376113568790008
2025-1136-1403,0.1414344888198872
2025-1136-1423,0.4722840856783636
2025-1140-1103,0.7539691535536931
2025-1140-1106,0.829412820035089
2025-1140-1110,0.829412820035089
2025-1140-1116,0.6588823491045602
2025-1140-1120,0.32598227641018485
2025-1140-1124,0.6235065358232131
2025-1140-1136,0.8065290469198179
2025-1140-1155,0.4722840856783636
2025-1140-1161,0.7243285924775411
2025-1140-1163,0.586762964479468
2025-1140-1166,0.6235065358232131
2025-1140-1179,0.6925731195044659
2025-1140-1188,0.829412820035089
2025-1140-1196,0.32598227641018485
2025-1140-1208,0.6235065358232131
2025-1140-1211,0.586762964479468
2025-1140-1213,0.7539691535536931
2025-1140-1219,0.7539691535536931
2025-1140-1222,0.32598227641018485
2025-1140-1228,0.5107187518800239
2025-1140-1235,0.39682897030369974
2025-1140-1242,0.5490271043904089
2025-1140-1246,0.39682897030369974
2025-1140-1251,0.7243285924775411
2025-1140-1252,0.7813846133554377
2025-1140-1257,0.586762964479468
2025-1140-1266,0.5490271043904089
2025-1140-1268,0.43417518508745834
2025-1140-1270,0.7243285924775411
2025-1140-1272,0.4722840856783636
2025-1140-1276,0.4722840856783636
2025-1140-1277,0.3606476196757848
2025-1140-1279,0.5107187518800239
2025-1140-1280,0.586762964479468
2025-1140-1281,0.5107187518800239
2025-1140-1285,0.7813846133554377
2025-1140-1291,0.829412820035089
2025-1140-1303,0.8065290469198179
2025-1140-1307,0.6588823491045602
2025-1140-1313,0.829412820035089
2025-1140-1314,0.6925731195044659
2025-1140-1328,0.6235065358232131
2025-1140-1345,0.43417518508745834
2025-1140-1352,0.8065290469198179
2025-1140-1361,0.6925731195044659
2025-1140-1384,0.829412820035089
2025-1140-1385,0.3606476196757848
2025-1140-1388,0.5490271043904089
2025-1140-1397,0.3606476196757848
2025-1140-1400,0.6925731195044659
2025-1140-1401,0.43417518508745834
2025-1140-1403,0.39682897030369974
2025-1140-1407,0.7813846133554377
2025-1140-1417,0.5490271043904089
2025-1140-1423,0.7813846133554377
2025-1140-1429,0.6588823491045602
2025-1140-1433,0.6925731195044659
2025-1140-1435,0.6588823491045602
2025-1140-1459,0.8065290469198179
2025-1140-1462,0.6925731195044659
2025-1140-1463,0.7539691535536931
2025-1140-1471,0.7243285924775411
2025-1155-1106,0.8500929821525013
2025-1155-1116,0.6925731195044659
2025-1155-1120,0.3606476196757848
2025-1155-1136,0.829412820035089
2025-1155-1161,0.7539691535536931
2025-1155-1163,0.6235065358232131
2025-1155-1166,0.6588823491045602
2025-1155-1179,0.7243285924775411
2025-1155-1188,0.8500929821525013
2025-1155-1196,0.3606476196757848
2025-1155-1208,0.6588823491045602
2025-1155-1211,0.6235065358232131
2025-1155-1213,0.7813846133554377
2025-1155-1219,0.7813846133554377
2025-1155-1228,0.5490271043904089
2025-1155-1235,0.43417518508745834
2025-1155-1242,0.586762964479468
2025-1155-1252,0.8065290469198179
2025-1155-1257,0.6235065358232131
2025-1155-1266,0.586762964479468
2025-1155-1268,0.4722840856783636
2025-1155-1270,0.7539691535536931
2025-1155-1272,0.5107187518800239
2025-1155-1276,0.5107187518800239
2025-1155-1277,0.39682897030369974
2025-1155-1279,0.5490271043904089
2025-1155-1281,0.5490271043904089
2025-1155-1303,0.829412820035089
2025-1155-1307,0.6925731195044659
2025-1155-1313,0.8500929821525013
2025-1155-1314,0.7243285924775411
2025-1155-1328,0.6588823491045602
2025-1155-1361,0.7243285924775411
2025-1155-1384,0.8500929821525013
2025-1155-1385,0.39682897030369974
2025-1155-1400,0.7243285924775411
2025-1155-1401,0.4722840856783636
2025-1155-1403,0.43417518508745834
2025-1155-1407,0.8065290469198179
2025-1155-1417,0.586762964479468
2025-1155-1423,0.8065290469198179
2025-1155-1429,0.6925731195044659
2025-1155-1459,0.829412820035089
2025-1155-1462,0.7243285924775411
2025-1155-1463,0.7813846133554377
2025-1155-1471,0.7539691535536931
2025-1161-1213,0.5490271043904089
2025-1161-1303,0.6235065358232131
2025-1161-1313,0.6588823491045602
2025-1161-1423,0.586762964479468
2025-1163-1116,0.586762964479468
2025-1163-1161,0.6588823491045602
2025-1163-1179,0.6235065358232131
2025-1163-1213,0.6925731195044659
2025-1163-1303,0.7539691535536931
2025-1163-1313,0.7813846133554377
2025-1163-1328,0.5490271043904089
2025-1163-1423,0.7243285924775411
2025-1166-1106,0.7539691535536931
2025-1166-1116,0.5490271043904089
2025-1166-1136,0.7243285924775411
2025-1166-1161,0.6235065358232131
2025-1166-1163,0.4722840856783636
2025-1166-1179,0.586762964479468
2025-1166-1196,0.233618548035873
2025-1166-1213,0.6588823491045602
2025-1166-1242,0.43417518508745834
2025-1166-1252,0.6925731195044659
2025-1166-1268,0.32598227641018485
2025-1166-1272,0.3606476196757848
2025-1166-1281,0.39682897030369974
2025-1166-1303,0.7243285924775411
2025-1166-1307,0.5490271043904089
2025-1166-1313,0.7539691535536931
2025-1166-1314,0.586762964479468
2025-1166-1328,0.5107187518800239
2025-1166-1361,0.586762964479468
2025-1166-1384,0.7539691535536931
2025-1166-1385,0.2622839339242245
2025-1166-1403,0.29312133663482076
2025-1166-1423,0.6925731195044659
2025-1166-1463,0.6588823491045602
2025-1166-1471,0.6235065358232131
2025-1179-1161,0.5490271043904089
2025-1179-1213,0.586762964479468
2025-1179-1303,0.6588823491045602
2025-1179-1313,0.6925731195044659
2025-1179-1423,0.6235065358232131
2025-1181-1103,0.8686630911135013
2025-1181-1104,0.5490271043904089
2025-1181-1106,0.9129951329976932
2025-1181-1110,0.9129951329976932
2025-1181-1112,0.6235065358232131
2025-1181-1116,0.8065290469198179
2025-1181-1120,0.5107187518800239
2025-1181-1124,0.7813846133554377
2025-1181-1136,0.8999714590569488
2025-1181-1140,0.6925731195044659
2025-1181-1155,0.6588823491045602
2025-1181-1161,0.8500929821525013
2025-1181-1163,0.7539691535536931
2025-1181-1166,0.7813846133554377
2025-1181-1179,0.829412820035089
2025-1181-1188,0.9129951329976932
2025-1181-1196,0.5107187518800239
2025-1181-1208,0.7813846133554377
2025-1181-1211,0.7539691535536931
2025-1181-1213,0.8686630911135013
2025-1181-1219,0.8686630911135013
2025-1181-1222,0.5107187518800239
2025-1181-1228,0.6925731195044659
2025-1181-1235,0.586762964479468
2025-1181-1242,0.7243285924775411
2025-1181-1246,0.586762964479468
2025-1181-1251,0.8500929821525013
2025-1181-1252,0.8852433217733948
2025-1181-1257,0.7539691535536931
2025-1181-1266,0.7243285924775411
2025-1181-1268,0.6235065358232131
2025-1181-1270,0.8500929821525013
2025-1181-1272,0.6588823491045602
2025-1181-1276,0.6588823491045602
2025-1181-1277,0.5490271043904089
2025-1181-1279,0.6925731195044659
2025-1181-1280,0.7539691535536931
2025-1181-1281,0.6925731195044659
2025-1181-1285,0.8852433217733948
2025-1181-1291,0.9129951329976932
2025-1181-1303,0.8999714590569488
2025-1181-1307,0.8065290469198179
2025-1181-1313,0.9129951329976932
2025-1181-1314,0.829412820035089
2025-1181-1328,0.7813846133554377
2025-1181-1332,0.6588823491045602
2025-1181-1345,0.6235065358232131
2025-1181-1352,0.8999714590569488
2025-1181-1361,0.829412820035089
2025-1181-1384,0.9129951329976932
2025-1181-1385,0.5490271043904089
2025-1181-1388,0.7243285924775411
2025-1181-1397,0.5490271043904089
2025-1181-1400,0.829412820035089
2025-1181-1401,0.6235065358232131
2025-1181-1403,0.586762964479468
2025-1181-1407,0.8852433217733948
2025-1181-1417,0.7243285924775411
2025-1181-1423,0.8852433217733948
2025-1181-1429,0.8065290469198179
2025-1181-1433,0.829412820035089
2025-1181-1435,0.8065290469198179
2025-1181-1458,0.586762964479468
2025-1181-1459,0.8999714590569488
2025-1181-1462,0.829412820035089
2025-1181-1463,0.8686630911135013
2025-1181-1471,0.8500929821525013
2025-1188-1106,0.5107187518800239
2025-1188-1116,0.29312133663482076
2025-1188-1120,0.09406314155204047
2025-1188-1136,0.4722840856783636
2025-1188-1161,0.3606476196757848
2025-1188-1163,0.233618548035873
2025-1188-1166,0.2622839339242245
2025-1188-1179,0.32598227641018485
2025-1188-1196,0.09406314155204047
2025-1188-1213,0.39682897030369974
2025-1188-1235,0.12376113568790008
2025-1188-1242,0.20720609478049373
2025-1188-1252,0.43417518508745834
2025-1188-1257,0.233618548035873
2025-1188-1266,0.20720609478049373
2025-1188-1268,0.1414344888198872
2025-1188-1272,0.16116743084587362
2025-1188-1276,0.16116743084587362
2025-1188-1277,0.10801835955461186
2025-1188-1279,0.18306647858295352
2025-1188-1281,0.18306647858295352
2025-1188-1303,0.4722840856783636
2025-1188-1307,0.29312133663482076
2025-1188-1313,0.5107187518800239
2025-1188-1314,0.32598227641018485
2025-1188-1328,0.2622839339242245
2025-1188-1361,0.32598227641018485
2025-1188-1384,0.5107187518800239
2025-1188-1385,0.10801835955461186
2025-1188-1401,0.1414344888198872
2025-1188-1403,0.12376113568790008
2025-1188-1423,0.43417518508745834
2025-1188-1463,0.39682897030369974
2025-1188-1471,0.3606476196757848
2025-1196-1116,0.8065290469198179
2025-1196-1161,0.8500929821525013
2025-1196-1163,0.7539691535536931
2025-1196-1179,0.829412820035089
2025-1196-1213,0.8686630911135013
2025-1196-1242,0.7243285924775411
2025-1196-1268,0.6235065358232131
2025-1196-1272,0.6588823491045602
2025-1196-1281,0.6925731195044659
2025-1196-1303,0.8999714590569488
2025-1196-1313,0.9129951329976932
2025-1196-1328,0.7813846133554377
2025-1196-1385,0.5490271043904089
2025-1196-1403,0.586762964479468
2025-1196-1423,0.8852433217733948
2025-1208-1106,0.7539691535536931
2025-1208-1116,0.5490271043904089
2025-1208-1120,0.233618548035873
2025-1208-1136,0.7243285924775411
2025-1208-1161,0.6235065358232131
2025-1208-1163,0.4722840856783636
2025-1208-1166,0.5107187518800239
2025-1208-1179,0.586762964479468
2025-1208-1188,0.7539691535536931
2025-1208-1196,0.233618548035873
2025-1208-1213,0.6588823491045602
2025-1208-1219,0.6588823491045602
2025-1208-1235,0.29312133663482076
2025-1208-1242,0.43417518508745834
2025-1208-1252,0.6925731195044659
2025-1208-1257,0.4722840856783636
2025-1208-1266,0.43417518508745834
2025-1208-1268,0.32598227641018485
2025-1208-1270,0.6235065358232131
2025-1208-1272,0.3606476196757848
2025-1208-1276,0.3606476196757848
2025-1208-1277,0.2622839339242245
2025-1208-1279,0.39682897030369974
2025-1208-1281,0.39682897030369974
2025-1208-1303,0.7243285924775411
2025-1208-1307,0.5490271043904089
2025-1208-1313,0.7539691535536931
2025-1208-1314,0.586762964479468
2025-1208-1328,0.5107187518800239
2025-1208-1361,0.586762964479468
2025-1208-1384,0.7539691535536931
2025-1208-1385,0.2622839339242245
2025-1208-1400,0.586762964479468
2025-1208-1401,0.32598227641018485
2025-1208-1403,0.29312133663482076
2025-1208-1407,0.6925731195044659
2025-1208-1423,0.6925731195044659
2025-1208-1429,0.5490271043904089
2025-1208-1459,0.7243285924775411
2025-1208-1462,0.586762964479468
2025-1208-1463,0.6588823491045602
2025-1208-1471,0.6235065358232131
2025-1211-1106,0.7813846133554377
2025-1211-1116,0.586762964479468
2025-1211-1120,0.2622839339242245
2025-1211-1136,0.7539691535536931
2025-1211-1161,0.6588823491045602
2025-1211-1163,0.5107187518800239
2025-1211-1166,0.5490271043904089
2025-1211-1179,0.6235065358232131
2025-1211-1188,0.7813846133554377
2025-1211-1196,0.2622839339242245
2025-1211-1208,0.5490271043904089
2025-1211-1213,0.6925731195044659
2025-1211-1219,0.6925731195044659
2025-1211-1235,0.32598227641018485
2025-1211-1242,0.4722840856783636
2025-1211-1252,0.7243285924775411
2025-1211-1257,0.5107187518800239
2025-1211-1266,0.4722840856783636
2025-1211-1268,0.3606476196757848
2025-1211-1270,0.6588823491045602
2025-1211-1272,0.39682897030369974
2025-1211-1276,0.39682897030369974
2025-1211-1277,0.29312133663482076
2025-1211-1279,0.43417518508745834
2025-1211-1281,0.43417518508745834
2025-1211-1303,0.7539691535536931
2025-1211-1307,0.586762964479468
2025-1211-1313,0.7813846133554377
2025-1211-1314,0.6235065358232131
2025-1211-1328,0.5490271043904089
2025-1211-1361,0.6235065358232131
2025-1211-1384,0.7813846133554377
2025-1211-1385,0.29312133663482076
2025-1211-1400,0.6235065358232131
2025-1211-1401,0.3606476196757848
2025-1211-1403,0.32598227641018485
2025-1211-1407,0.7243285924775411
2025-1211-1423,0.7243285924775411
2025-1211-1429,0.586762964479468
2025-1211-1459,0.7539691535536931
2025-1211-1462,0.6235065358232131
2025-1211-1463,0.6925731195044659
2025-1211-1471,0.6588823491045602
2025-1213-1303,0.586762964479468
2025-1213-1313,0.6235065358232131
2025-1213-1423,0.5490271043904089
2025-1219-1106,0.6235065358232131
2025-1219-1116,0.39682897030369974
2025-1219-1120,0.1414344888198872
2025-1219-1136,0.586762964479468
2025-1219-1161,0.4722840856783636
2025-1219-1163,0.32598227641018485
2025-1219-1166,0.3606476196757848
2025-1219-1179,0.43417518508745834
2025-1219-1188,0.6235065358232131
2025-1219-1196,0.1414344888198872
2025-1219-1213,0.5107187518800239
2025-1219-1235,0.18306647858295352
2025-1219-1242,0.29312133663482076
2025-1219-1252,0.5490271043904089
2025-1219-1257,0.32598227641018485
2025-1219-1266,0.29312133663482076
2025-1219-1268,0.20720609478049373
2025-1219-1272,0.233618548035873
2025-1219-1276,0.233618548035873
2025-1219-1277,0.16116743084587362
2025-1219-1279,0.2622839339242245
2025-1219-1281,0.2622839339242245
2025-1219-1303,0.586762964479468
2025-1219-1307,0.39682897030369974
2025-1219-1313,0.6235065358232131
2025-1219-1314,0.43417518508745834
2025-1219-1328,0.3606476196757848
2025-1219-1361,0.43417518508745834
2025-1219-1384,0.6235065358232131
2025-1219-1385,0.16116743084587362
2025-1219-1401,0.20720609478049373
2025-1219-1403,0.18306647858295352
2025-1219-1407,0.5490271043904089
2025-1219-1423,0.5490271043904089
2025-1219-1459,0.586762964479468
2025-1219-1463,0.5107187518800239
2025-1219-1471,0.4722840856783636
2025-1222-1106,0.9129951329976932
2025-1222-1116,0.8065290469198179
2025-1222-1120,0.5107187518800239
2025-1222-1136,0.8999714590569488
2025-1222-1155,0.6588823491045602
2025-1222-1161,0.8500929821525013
2025-1222-1163,0.7539691535536931
2025-1222-1166,0.7813846133554377
2025-1222-1179,0.829412820035089
2025-1222-1188,0.9129951329976932
2025-1222-1196,0.5107187518800239
2025-1222-1208,0.7813846133554377
2025-1222-1211,0.7539691535536931
2025-1222-1213,0.8686630911135013
2025-1222-1219,0.8686630911135013
2025-1222-1228,0.6925731195044659
2025-1222-1235,0.586762964479468
2025-1222-1242,0.7243285924775411
2025-1222-1246,0.586762964479468
2025-1222-1252,0.8852433217733948
2025-1222-1257,0.7539691535536931
2025-1222-1266,0.7243285924775411
2025-1222-1268,0.6235065358232131
2025-1222-1270,0.8500929821525013
2025-1222-1272,0.6588823491045602
2025-1222-1276,0.6588823491045602
2025-1222-1277,0.5490271043904089
2025-1222-1279,0.6925731195044659
2025-1222-1281,0.6925731195044659
2025-1222-1303,0.8999714590569488
2025-1222-1307,0.8065290469198179
2025-1222-1313,0.9129951329976932
2025-1222-1314,0.829412820035089
2025-1222-1328,0.7813846133554377
2025-1222-1345,0.6235065358232131
2025-1222-1361,0.829412820035089
2025-1222-1384,0.9129951329976932
2025-1222-1385,0.5490271043904089
2025-1222-1397,0.5490271043904089
2025-1222-1400,0.829412820035089
2025-1222-1401,0.6235065358232131
2025-1222-1403,0.586762964479468
2025-1222-1407,0.8852433217733948
2025-1222-1417,0.7243285924775411
2025-1222-1423,0.8852433217733948
2025-1222-1429,0.8065290469198179
2025-1222-1459,0.8999714590569488
2025-1222-1462,0.829412820035089
2025-1222-1463,0.8686630911135013
2025-1222-1471,0.8500929821525013
2025-1228-1106,0.829412820035089
2025-1228-1116,0.6588823491045602
2025-1228-1120,0.32598227641018485
2025-1228-1136,0.8065290469198179
2025-1228-1161,0.7243285924775411
2025-1228-1163,0.586762964479468
2025-1228-1166,0.6235065358232131
2025-1228-1179,0.6925731195044659
2025-1228-1188,0.829412820035089
2025-1228-1196,0.32598227641018485
2025-1228-1208,0.6235065358232131
2025-1228-1211,0.586762964479468
2025-1228-1213,0.7539691535536931
2025-1228-1219,0.7539691535536931
2025-1228-1235,0.39682897030369974
2025-1228-1242,0.5490271043904089
2025-1228-1252,0.7813846133554377
2025-1228-1257,0.586762964479468
2025-1228-1266,0.5490271043904089
2025-1228-1268,0.43417518508745834
2025-1228-1270,0.7243285924775411
2025-1228-1272,0.4722840856783636
2025-1228-1276,0.4722840856783636
2025-1228-1277,0.3606476196757848
2025-1228-1279,0.5107187518800239
2025-1228-1281,0.5107187518800239
2025-1228-1303,0.8065290469198179
2025-1228-1307,0.6588823491045602
2025-1228-1313,0.829412820035089
2025-1228-1314,0.6925731195044659
2025-1228-1328,0.6235065358232131
2025-1228-1361,0.6925731195044659
2025-1228-1384,0.829412820035089
2025-1228-1385,0.3606476196757848
2025-1228-1400,0.6925731195044659
2025-1228-1401,0.43417518508745834
2025-1228-1403,0.39682897030369974
2025-1228-1407,0.7813846133554377
2025-1228-1417,0.5490271043904089
2025-1228-1423,0.7813846133554377
2025-1228-1429,0.6588823491045602
2025-1228-1459,0.8065290469198179
2025-1228-1462,0.6925731195044659
2025-1228-1463,0.7539691535536931
2025-1228-1471,0.7243285924775411
2025-1235-1106,0.8852433217733948
2025-1235-1116,0.7539691535536931
2025-1235-1136,0.8686630911135013
2025-1235-1161,0.8065290469198179
2025-1235-1163,0.6925731195044659
2025-1235-1166,0.7243285924775411
2025-1235-1179,0.7813846133554377
2025-1235-1196,0.43417518508745834
2025-1235-1213,0.829412820035089
2025-1235-1242,0.6588823491045602
2025-1235-1252,0.8500929821525013
2025-1235-1257,0.6925731195044659
2025-1235-1266,0.6588823491045602
2025-1235-1268,0.5490271043904089
2025-1235-1272,0.586762964479468
2025-1235-1276,0.586762964479468
2025-1235-1279,0.6235065358232131
2025-1235-1281,0.6235065358232131
2025-1235-1303,0.8686630911135013
2025-1235-1307,0.7539691535536931
2025-1235-1313,0.8852433217733948
2025-1235-1314,0.7813846133554377
2025-1235-1328,0.7243285924775411
2025-1235-1361,0.7813846133554377
2025-1235-1384,0.8852433217733948
2025-1235-1385,0.4722840856783636
2025-1235-1401,0.5490271043904089
2025-1235-1403,0.5107187518800239
2025-1235-1423,0.8500929821525013
2025-1235-1463,0.829412820035089
2025-1235-1471,0.8065290469198179
2025-1242-1116,0.6235065358232131
2025-1242-1161,0.6925731195044659
2025-1242-1163,0.5490271043904089
2025-1242-1179,0.6588823491045602
2025-1242-1213,0.7243285924775411
2025-1242-1303,0.7813846133554377
2025-1242-1313,0.8065290469198179
2025-1242-1328,0.586762964479468
2025-1242-1423,0.7539691535536931
2025-1246-1106,0.8852433217733948
2025-1246-1116,0.7539691535536931
2025-1246-1120,0.43417518508745834
2025-1246-1136,0.8686630911135013
2025-1246-1155,0.586762964479468
2025-1246-1161,0.8065290469198179
2025-1246-1163,0.6925731195044659
2025-1246-1166,0.7243285924775411
2025-1246-1179,0.7813846133554377
2025-1246-1188,0.8852433217733948
2025-1246-1196,0.43417518508745834
2025-1246-1208,0.7243285924775411
2025-1246-1211,0.6925731195044659
2025-1246-1213,0.829412820035089
2025-1246-1219,0.829412820035089
2025-1246-1228,0.6235065358232131
2025-1246-1235,0.5107187518800239
2025-1246-1242,0.6588823491045602
2025-1246-1252,0.8500929821525013
2025-1246-1257,0.6925731195044659
2025-1246-1266,0.6588823491045602
2025-1246-1268,0.5490271043904089
2025-1246-1270,0.8065290469198179
2025-1246-1272,0.586762964479468
2025-1246-1276,0.586762964479468
2025-1246-1277,0.4722840856783636
2025-1246-1279,0.6235065358232131
2025-1246-1281,0.6235065358232131
2025-1246-1303,0.8686630911135013
2025-1246-1307,0.7539691535536931
2025-1246-1313,0.8852433217733948
2025-1246-1314,0.7813846133554377
2025-1246-1328,0.7243285924775411
2025-1246-1345,0.5490271043904089
2025-1246-1361,0.7813846133554377
2025-1246-1384,0.8852433217733948
2025-1246-1385,0.4722840856783636
2025-1246-1400,0.7813846133554377
2025-1246-1401,0.5490271043904089
2025-1246-1403,0.5107187518800239
2025-1246-1407,0.8500929821525013
2025-1246-1417,0.6588823491045602
2025-1246-1423,0.8500929821525013
2025-1246-1429,0.7539691535536931
2025-1246-1459,0.8686630911135013
2025-1246-1462,0.7813846133554377
2025-1246-1463,0.829412820035089
2025-1246-1471,0.8065290469198179
2025-1251-1103,0.5490271043904089
2025-1251-1106,0.6588823491045602
2025-1251-1110,0.6588823491045602
2025-1251-1116,0.43417518508745834
2025-1251-1120,0.16116743084587362
2025-1251-1136,0.6235065358232131
2025-1251-1155,0.2622839339242245
2025-1251-1161,0.5107187518800239
2025-1251-1163,0.3606476196757848
2025-1251-1166,0.39682897030369974
2025-1251-1179,0.4722840856783636
2025-1251-1188,0.6588823491045602
2025-1251-1196,0.16116743084587362
2025-1251-1208,0.39682897030369974
2025-1251-1211,0.3606476196757848
2025-1251-1213,0.5490271043904089
2025-1251-1219,0.5490271043904089
2025-1251-1222,0.16116743084587362
2025-1251-1228,0.29312133663482076
2025-1251-1235,0.20720609478049373
2025-1251-1242,0.32598227641018485
2025-1251-1246,0.20720609478049373
2025-1251-1252,0.586762964479468
2025-1251-1257,0.3606476196757848
2025-1251-1266,0.32598227641018485
2025-1251-1268,0.233618548035873
2025-1251-1270,0.5107187518800239
2025-1251-1272,0.2622839339242245
2025-1251-1276,0.2622839339242245
2025-1251-1277,0.18306647858295352
2025-1251-1279,0.29312133663482076
2025-1251-1281,0.29312133663482076
2025-1251-1285,0.586762964479468
2025-1251-1291,0.6588823491045602
2025-1251-1303,0.6235065358232131
2025-1251-1307,0.43417518508745834
2025-1251-1313,0.6588823491045602
2025-1251-1314,0.4722840856783636
2025-1251-1328,0.39682897030369974
2025-1251-1345,0.233618548035873
2025-1251-1352,0.6235065358232131
2025-1251-1361,0.4722840856783636
2025-1251-1384,0.6588823491045602
2025-1251-1385,0.18306647858295352
2025-1251-1397,0.18306647858295352
2025-1251-1400,0.4722840856783636
2025-1251-1401,0.233618548035873
2025-1251-1403,0.20720609478049373
2025-1251-1407,0.586762964479468
2025-1251-1417,0.32598227641018485
2025-1251-1423,0.586762964479468
2025-1251-1429,0.43417518508745834
2025-1251-1459,0.6235065358232131
2025-1251-1462,0.4722840856783636
2025-1251-1463,0.5490271043904089
2025-1251-1471,0.5107187518800239
2025-1252-1106,0.586762964479468
2025-1252-1116,0.3606476196757848
2025-1252-1136,0.5490271043904089
2025-1252-1161,0.43417518508745834
2025-1252-1163,0.29312133663482076
2025-1252-1179,0.39682897030369974
2025-1252-1196,0.12376113568790008
2025-1252-1213,0.4722840856783636
2025-1252-1242,0.2622839339242245
2025-1252-1268,0.18306647858295352
2025-1252-1272,0.20720609478049373
2025-1252-1281,0.233618548035873
2025-1252-1303,0.5490271043904089
2025-1252-1313,0.586762964479468
2025-1252-1328,0.32598227641018485
2025-1252-1384,0.586762964479468
2025-1252-1385,0.1414344888198872
2025-1252-1403,0.16116743084587362
2025-1252-1423,0.5107187518800239
2025-1257-1106,0.7813846133554377
2025-1257-1116,0.586762964479468
2025-1257-1136,0.7539691535536931
2025-1257-1161,0.6588823491045602
2025-1257-1163,0.5107187518800239
2025-1257-1166,0.5490271043904089
2025-1257-1179,0.6235065358232131
2025-1257-1196,0.2622839339242245
2025-1257-1213,0.6925731195044659
2025-1257-1242,0.4722840856783636
2025-1257-1252,0.7243285924775411
2025-1257-1268,0.3606476196757848
2025-1257-1272,0.39682897030369974
2025-1257-1281,0.43417518508745834
2025-1257-1303,0.7539691535536931
2025-1257-1307,0.586762964479468
2025-1257-1313,0.7813846133554377
2025-1257-1314,0.6235065358232131
2025-1257-1328,0.5490271043904089
2025-1257-1361,0.6235065358232131
2025-1257-1384,0.7813846133554377
2025-1257-1385,0.29312133663482076
2025-1257-1403,0.32598227641018485
2025-1257-1423,0.7243285924775411
2025-1257-1463,0.6925731195044659
2025-1257-1471,0.6588823491045602
2025-1266-1106,0.8065290469198179
2025-1266-1116,0.6235065358232131
2025-1266-1136,0.7813846133554377
2025-1266-1161,0.6925731195044659
2025-1266-1163,0.5490271043904089
2025-1266-1166,0.586762964479468
2025-1266-1179,0.6588823491045602
2025-1266-1196,0.29312133663482076
2025-1266-1213,0.7243285924775411
2025-1266-1242,0.5107187518800239
2025-1266-1252,0.7539691535536931
2025-1266-1257,0.5490271043904089
2025-1266-1268,0.39682897030369974
2025-1266-1272,0.43417518508745834
2025-1266-1281,0.4722840856783636
2025-1266-1303,0.7813846133554377
2025-1266-1307,0.6235065358232131
2025-1266-1313,0.8065290469198179
2025-1266-1314,0.6588823491045602
2025-1266-1328,0.586762964479468
2025-1266-1361,0.6588823491045602
2025-1266-1384,0.8065290469198179
2025-1266-1385,0.32598227641018485
2025-1266-1403,0.3606476196757848
2025-1266-1423,0.7539691535536931
2025-1266-1463,0.7243285924775411
2025-1266-1471,0.6925731195044659
2025-1268-1116,0.7243285924775411
2025-1268-1161,0.7813846133554377
2025-1268-1163,0.6588823491045602
2025-1268-1179,0.7539691535536931
2025-1268-1213,0.8065290469198179
2025-1268-1242,0.6235065358232131
2025-1268-1272,0.5490271043904089
2025-1268-1281,0.586762964479468
2025-1268-1303,0.8500929821525013
2025-1268-1313,0.8686630911135013
2025-1268-1328,0.6925731195044659
2025-1268-1423,0.829412820035089
2025-1270-1106,0.6588823491045602
2025-1270-1116,0.43417518508745834
2025-1270-1120,0.16116743084587362
2025-1270-1136,0.6235065358232131
2025-1270-1161,0.5107187518800239
2025-1270-1163,0.3606476196757848
2025-1270-1166,0.39682897030369974
2025-1270-1179,0.4722840856783636
2025-1270-1188,0.6588823491045602
2025-1270-1196,0.16116743084587362
2025-1270-1213,0.5490271043904089
2025-1270-1219,0.5490271043904089
2025-1270-1235,0.20720609478049373
2025-1270-1242,0.32598227641018485
2025-1270-1252,0.586762964479468
2025-1270-1257,0.3606476196757848
2025-1270-1266,0.32598227641018485
2025-1270-1268,0.233618548035873
2025-1270-1272,0.2622839339242245
2025-1270-1276,0.2622839339242245
2025-1270-1277,0.18306647858295352
2025-1270-1279,0.29312133663482076
2025-1270-1281,0.29312133663482076
2025-1270-1303,0.6235065358232131
2025-1270-1307,0.43417518508745834
2025-1270-1313,0.6588823491045602
2025-1270-1314,0.4722840856783636
2025-1270-1328,0.39682897030369974
2025-1270-1361,0.4722840856783636
2025-1270-1384,0.6588823491045602
2025-1270-1385,0.18306647858295352
2025-1270-1401,0.233618548035873
2025-1270-1403,0.20720609478049373
2025-1270-1407,0.586762964479468
2025-1270-1423,0.586762964479468
2025-1270-1459,0.6235065358232131
2025-1270-1463,0.5490271043904089
2025-1270-1471,0.5107187518800239
2025-1272-1116,0.6925731195044659
2025-1272-1161,0.7539691535536931
2025-1272-1163,0.6235065358232131
2025-1272-1179,0.7243285924775411
2025-1272-1213,0.7813846133554377
2025-1272-1242,0.586762964479468
2025-1272-1281,0.5490271043904089
2025-1272-1303,0.829412820035089
2025-1272-1313,0.8500929821525013
2025-1272-1328,0.6588823491045602
2025-1272-1423,0.8065290469198179
2025-1276-1106,0.8500929821525013
2025-1276-1116,0.6925731195044659
2025-1276-1136,0.829412820035089
2025-1276-1161,0.7539691535536931
2025-1276-1163,0.6235065358232131
2025-1276-1166,0.6588823491045602
2025-1276-1179,0.7243285924775411
2025-1276-1196,0.3606476196757848
2025-1276-1213,0.7813846133554377
2025-1276-1242,0.586762964479468
2025-1276-1252,0.8065290469198179
2025-1276-1257,0.6235065358232131
2025-1276-1266,0.586762964479468
2025-1276-1268,0.4722840856783636
2025-1276-1272,0.5107187518800239
2025-1276-1279,0.5490271043904089
2025-1276-1281,0.5490271043904089
2025-1276-1303,0.829412820035089
2025-1276-1307,0.6925731195044659
2025-1276-1313,0.8500929821525013
2025-1276-1314,0.7243285924775411
2025-1276-1328,0.6588823491045602
2025-1276-1361,0.7243285924775411
2025-1276-1384,0.8500929821525013
2025-1276-1385,0.39682897030369974
2025-1276-1403,0.43417518508745834
2025-1276-1423,0.8065290469198179
2025-1276-1463,0.7813846133554377
2025-1276-1471,0.7539691535536931
2025-1277-1106,0.8999714590569488
2025-1277-1116,0.7813846133554377
2025-1277-1136,0.8852433217733948
2025-1277-1161,0.829412820035089
2025-1277-1163,0.7243285924775411
2025-1277-1166,0.7539691535536931
2025-1277-1179,0.8065290469198179
2025-1277-1196,0.4722840856783636
2025-1277-1213,0.8500929821525013
2025-1277-1235,0.5490271043904089
2025-1277-1242,0.6925731195044659
2025-1277-1252,0.8686630911135013
2025-1277-1257,0.7243285924775411
2025-1277-1266,0.6925731195044659
2025-1277-1268,0.586762964479468
2025-1277-1272,0.6235065358232131
2025-1277-1276,0.6235065358232131
2025-1277-1279,0.6588823491045602
2025-1277-1281,0.6588823491045602
2025-1277-1303,0.8852433217733948
2025-1277-1307,0.7813846133554377
2025-1277-1313,0.8999714590569488
2025-1277-1314,0.8065290469198179
2025-1277-1328,0.7539691535536931
2025-1277-1361,0.8065290469198179
2025-1277-1384,0.8999714590569488
2025-1277-1385,0.5107187518800239
2025-1277-1401,0.586762964479468
2025-1277-1403,0.5490271043904089
2025-1277-1423,0.8686630911135013
2025-1277-1463,0.8500929821525013
2025-1277-1471,0.829412820035089
2025-1279-1106,0.829412820035089
2025-1279-1116,0.6588823491045602
2025-1279-1136,0.8065290469198179
2025-1279-1161,0.7243285924775411
2025-1279-1163,0.586762964479468
2025-1279-1166,0.6235065358232131
2025-1279-1179,0.6925731195044659
2025-1279-1196,0.32598227641018485
2025-1279-1213,0.7539691535536931
2025-1279-1242,0.5490271043904089
2025-1279-1252,0.7813846133554377
2025-1279-1257,0.586762964479468
2025-1279-1266,0.5490271043904089
2025-1279-1268,0.43417518508745834
2025-1279-1272,0.4722840856783636
2025-1279-1281,0.5107187518800239
2025-1279-1303,0.8065290469198179
2025-1279-1307,0.6588823491045602
2025-1279-1313,0.829412820035089
2025-1279-1314,0.6925731195044659
2025-1279-1328,0.6235065358232131
2025-1279-1361,0.6925731195044659
2025-1279-1384,0.829412820035089
2025-1279-1385,0.3606476196757848
2025-1279-1403,0.39682897030369974
2025-1279-1423,0.7813846133554377
2025-1279-1463,0.7539691535536931
2025-1279-1471,0.7243285924775411
2025-1280-1103,0.6925731195044659
2025-1280-1106,0.7813846133554377
2025-1280-1110,0.7813846133554377
2025-1280-1116,0.586762964479468
2025-1280-1120,0.2622839339242245
2025-1280-1124,0.5490271043904089
2025-1280-1136,0.7539691535536931
2025-1280-1155,0.39682897030369974
2025-1280-1161,0.6588823491045602
2025-1280-1163,0.5107187518800239
2025-1280-1166,0.5490271043904089
2025-1280-1179,0.6235065358232131
2025-1280-1188,0.7813846133554377
2025-1280-1196,0.2622839339242245
2025-1280-1208,0.5490271043904089
2025-1280-1211,0.5107187518800239
2025-1280-1213,0.6925731195044659
2025-1280-1219,0.6925731195044659
2025-1280-1222,0.2622839339242245
2025-1280-1228,0.43417518508745834
2025-1280-1235,0.32598227641018485
2025-1280-1242,0.4722840856783636
2025-1280-1246,0.32598227641018485
2025-1280-1251,0.6588823491045602
2025-1280-1252,0.7243285924775411
2025-1280-1257,0.5107187518800239
2025-1280-1266,0.4722840856783636
2025-1280-1268,0.3606476196757848
2025-1280-1270,0.6588823491045602
2025-1280-1272,0.39682897030369974
2025-1280-1276,0.39682897030369974
2025-1280-1277,0.29312133663482076
2025-1280-1279,0.43417518508745834
2025-1280-1281,0.43417518508745834
2025-1280-1285,0.7243285924775411
2025-1280-1291,0.7813846133554377
2025-1280-1303,0.7539691535536931
2025-1280-1307,0.586762964479468
2025-1280-1313,0.7813846133554377
2025-1280-1314,0.6235065358232131
2025-1280-1328,0.5490271043904089
2025-1280-1345,0.3606476196757848
2025-1280-1352,0.7539691535536931
2025-1280-1361,0.6235065358232131
2025-1280-1384,0.7813846133554377
2025-1280-1385,0.29312133663482076
2025-1280-1397,0.29312133663482076
2025-1280-1400,0.6235065358232131
2025-1280-1401,0.3606476196757848
2025-1280-1403,0.32598227641018485
2025-1280-1407,0.7243285924775411
2025-1280-1417,0.4722840856783636
2025-1280-1423,0.7243285924775411
2025-1280-1429,0.586762964479468
2025-1280-1433,0.6235065358232131
2025-1280-1435,0.586762964479468
2025-1280-1459,0.7539691535536931
2025-1280-1462,0.6235065358232131
2025-1280-1463,0.6925731195044659
2025-1280-1471,0.6588823491045602
2025-1281-1116,0.6588823491045602
2025-1281-1161,0.7243285924775411
2025-1281-1163,0.586762964479468
2025-1281-1179,0.6925731195044659
2025-1281-1213,0.7539691535536931
2025-1281-1242,0.5490271043904089
2025-1281-1303,0.8065290469198179
2025-1281-1313,0.829412820035089
2025-1281-1328,0.6235065358232131
2025-1281-1423,0.7813846133554377
2025-1285-1106,0.586762964479468
2025-1285-1110,0.586762964479468
2025-1285-1116,0.3606476196757848
2025-1285-1120,0.12376113568790008
2025-1285-1136,0.5490271043904089
2025-1285-1155,0.20720609478049373
2025-1285-1161,0.43417518508745834
2025-1285-1163,0.29312133663482076
2025-1285-1166,0.32598227641018485
2025-1285-1179,0.39682897030369974
2025-1285-1188,0.586762964479468
2025-1285-1196,0.12376113568790008
2025-1285-1208,0.32598227641018485
2025-1285-1211,0.29312133663482076
2025-1285-1213,0.4722840856783636
2025-1285-1219,0.4722840856783636
2025-1285-1222,0.12376113568790008
2025-1285-1228,0.233618548035873
2025-1285-1235,0.16116743084587362
2025-1285-1242,0.2622839339242245
2025-1285-1246,0.16116743084587362
2025-1285-1252,0.5107187518800239
2025-1285-1257,0.29312133663482076
2025-1285-1266,0.2622839339242245
2025-1285-1268,0.18306647858295352
2025-1285-1270,0.43417518508745834
2025-1285-1272,0.20720609478049373
2025-1285-1276,0.20720609478049373
2025-1285-1277,0.1414344888198872
2025-1285-1279,0.233618548035873
2025-1285-1281,0.233618548035873
2025-1285-1291,0.586762964479468
2025-1285-1303,0.5490271043904089
2025-1285-1307,0.3606476196757848
2025-1285-1313,0.586762964479468
2025-1285-1314,0.39682897030369974
2025-1285-1328,0.32598227641018485
2025-1285-1345,0.18306647858295352
2025-1285-1352,0.5490271043904089
2025-1285-1361,0.39682897030369974
2025-1285-1384,0.586762964479468
2025-1285-1385,0.1414344888198872
2025-1285-1397,0.1414344888198872
2025-1285-1400,0.39682897030369974
2025-1285-1401,0.18306647858295352
2025-1285-1403,0.16116743084587362
2025-1285-1407,0.5107187518800239
2025-1285-1417,0.2622839339242245
2025-1285-1423,0.5107187518800239
2025-1285-1429,0.3606476196757848
2025-1285-1459,0.5490271043904089
2025-1285-1462,0.39682897030369974
2025-1285-1463,0.4722840856783636
2025-1285-1471,0.43417518508745834
2025-1291-1106,0.5107187518800239
2025-1291-1116,0.29312133663482076
2025-1291-1120,0.09406314155204047
2025-1291-1136,0.4722840856783636
2025-1291-1155,0.16116743084587362
2025-1291-1161,0.3606476196757848
2025-1291-1163,0.233618548035873
2025-1291-1166,0.2622839339242245
2025-1291-1179,0.32598227641018485
2025-1291-1188,0.5107187518800239
2025-1291-1196,0.09406314155204047
2025-1291-1208,0.2622839339242245
2025-1291-1211,0.233618548035873
2025-1291-1213,0.39682897030369974
2025-1291-1219,0.39682897030369974
2025-1291-1222,0.09406314155204047
2025-1291-1228,0.18306647858295352
2025-1291-1235,0.12376113568790008
2025-1291-1242,0.20720609478049373
2025-1291-1246,0.12376113568790008
2025-1291-1252,0.43417518508745834
2025-1291-1257,0.233618548035873
2025-1291-1266,0.20720609478049373
2025-1291-1268,0.1414344888198872
2025-1291-1270,0.3606476196757848
2025-1291-1272,0.16116743084587362
2025-1291-1276,0.16116743084587362
2025-1291-1277,0.10801835955461186
2025-1291-1279,0.18306647858295352
2025-1291-1281,0.18306647858295352
2025-1291-1303,0.4722840856783636
2025-1291-1307,0.29312133663482076
2025-1291-1313,0.5107187518800239
2025-1291-1314,0.32598227641018485
2025-1291-1328,0.2622839339242245
2025-1291-1345,0.1414344888198872
2025-1291-1361,0.32598227641018485
2025-1291-1384,0.5107187518800239
2025-1291-1385,0.10801835955461186
2025-1291-1397,0.10801835955461186
2025-1291-1400,0.32598227641018485
2025-1291-1401,0.1414344888198872
2025-1291-1403,0.12376113568790008
2025-1291-1407,0.43417518508745834
2025-1291-1417,0.20720609478049373
2025-1291-1423,0.43417518508745834
2025-1291-1429,0.29312133663482076
2025-1291-1459,0.4722840856783636
2025-1291-1462,0.32598227641018485
2025-1291-1463,0.39682897030369974
2025-1291-1471,0.3606476196757848
2025-1303-1313,0.5490271043904089
2025-1307-1106,0.7243285924775411
2025-1307-1116,0.5107187518800239
2025-1307-1136,0.6925731195044659
2025-1307-1161,0.586762964479468
2025-1307-1163,0.43417518508745834
2025-1307-1179,0.5490271043904089
2025-1307-1196,0.20720609478049373
2025-1307-1213,0.6235065358232131
2025-1307-1242,0.39682897030369974
2025-1307-1252,0.6588823491045602
2025-1307-1268,0.29312133663482076
2025-1307-1272,0.32598227641018485
2025-1307-1281,0.3606476196757848
2025-1307-1303,0.6925731195044659
2025-1307-1313,0.7243285924775411
2025-1307-1314,0.5490271043904089
2025-1307-1328,0.4722840856783636
2025-1307-1361,0.5490271043904089
2025-1307-1384,0.7243285924775411
2025-1307-1385,0.233618548035873
2025-1307-1403,0.2622839339242245
2025-1307-1423,0.6588823491045602
2025-1307-1463,0.6235065358232131
2025-1307-1471,0.586762964479468
2025-1314-1106,0.6925731195044659
2025-1314-1116,0.4722840856783636
2025-1314-1136,0.6588823491045602
2025-1314-1161,0.5490271043904089
2025-1314-1163,0.39682897030369974
2025-1314-1179,0.5107187518800239
2025-1314-1196,0.18306647858295352
2025-1314-1213,0.586762964479468
2025-1314-1242,0.3606476196757848
2025-1314-1252,0.6235065358232131
2025-1314-1268,0.2622839339242245
2025-1314-1272,0.29312133663482076
2025-1314-1281,0.32598227641018485
2025-1314-1303,0.6588823491045602
2025-1314-1313,0.6925731195044659
2025-1314-1328,0.43417518508745834
2025-1314-1361,0.5107187518800239
2025-1314-1384,0.6925731195044659
2025-1314-1385,0.20720609478049373
2025-1314-1403,0.233618548035873
2025-1314-1423,0.6235065358232131
2025-1314-1463,0.586762964479468
2025-1314-1471,0.5490271043904089
2025-1328-1116,0.5490271043904089
2025-1328-1161,0.6235065358232131
2025-1328-1179,0.586762964479468
2025-1328-1213,0.6588823491045602
2025-1328-1303,0.7243285924775411
2025-1328-1313,0.7539691535536931
2025-1328-1423,0.6925731195044659
2025-1332-1103,0.7813846133554377
2025-1332-1106,0.8500929821525013
2025-1332-1110,0.8500929821525013
2025-1332-1116,0.6925731195044659
2025-1332-1120,0.3606476196757848
2025-1332-1124,0.6588823491045602
2025-1332-1136,0.829412820035089
2025-1332-1140,0.5490271043904089
2025-1332-1155,0.5107187518800239
2025-1332-1161,0.7539691535536931
2025-1332-1163,0.6235065358232131
2025-1332-1166,0.6588823491045602
2025-1332-1179,0.7243285924775411
2025-1332-1188,0.8500929821525013
2025-1332-1196,0.3606476196757848
2025-1332-1208,0.6588823491045602
2025-1332-1211,0.6235065358232131
2025-1332-1213,0.7813846133554377
2025-1332-1219,0.7813846133554377
2025-1332-1222,0.3606476196757848
2025-1332-1228,0.5490271043904089
2025-1332-1235,0.43417518508745834
2025-1332-1242,0.586762964479468
2025-1332-1246,0.43417518508745834
2025-1332-1251,0.7539691535536931
2025-1332-1252,0.8065290469198179
2025-1332-1257,0.6235065358232131
2025-1332-1266,0.586762964479468
2025-1332-1268,0.4722840856783636
2025-1332-1270,0.7539691535536931
2025-1332-1272,0.5107187518800239
2025-1332-1276,0.5107187518800239
2025-1332-1277,0.39682897030369974
2025-1332-1279,0.5490271043904089
2025-1332-1280,0.6235065358232131
2025-1332-1281,0.5490271043904089
2025-1332-1285,0.8065290469198179
2025-1332-1291,0.8500929821525013
2025-1332-1303,0.829412820035089
2025-1332-1307,0.6925731195044659
2025-1332-1313,0.8500929821525013
2025-1332-1314,0.7243285924775411
2025-1332-1328,0.6588823491045602
2025-1332-1345,0.4722840856783636
2025-1332-1352,0.829412820035089
2025-1332-1361,0.7243285924775411
2025-1332-1384,0.8500929821525013
2025-1332-1385,0.39682897030369974
2025-1332-1388,0.586762964479468
2025-1332-1397,0.39682897030369974
2025-1332-1400,0.7243285924775411
2025-1332-1401,0.4722840856783636
2025-1332-1403,0.43417518508745834
2025-1332-1407,0.8065290469198179
2025-1332-1417,0.586762964479468
2025-1332-1423,0.8065290469198179
2025-1332-1429,0.6925731195044659
2025-1332-1433,0.7243285924775411
2025-1332-1435,0.6925731195044659
2025-1332-1459,0.829412820035089
2025-1332-1462,0.7243285924775411
2025-1332-1463,0.7813846133554377
2025-1332-1471,0.7539691535536931
2025-1345-1106,0.8686630911135013
2025-1345-1116,0.7243285924775411
2025-1345-1120,0.39682897030369974
2025-1345-1136,0.8500929821525013
2025-1345-1155,0.5490271043904089
2025-1345-1161,0.7813846133554377
2025-1345-1163,0.6588823491045602
2025-1345-1166,0.6925731195044659
2025-1345-1179,0.7539691535536931
2025-1345-1188,0.8686630911135013
2025-1345-1196,0.39682897030369974
2025-1345-1208,0.6925731195044659
2025-1345-1211,0.6588823491045602
2025-1345-1213,0.8065290469198179
2025-1345-1219,0.8065290469198179
2025-1345-1228,0.586762964479468
2025-1345-1235,0.4722840856783636
2025-1345-1242,0.6235065358232131
2025-1345-1252,0.829412820035089
2025-1345-1257,0.6588823491045602
2025-1345-1266,0.6235065358232131
2025-1345-1268,0.5107187518800239
2025-1345-1270,0.7813846133554377
2025-1345-1272,0.5490271043904089
2025-1345-1276,0.5490271043904089
2025-1345-1277,0.43417518508745834
2025-1345-1279,0.586762964479468
2025-1345-1281,0.586762964479468
2025-1345-1303,0.8500929821525013
2025-1345-1307,0.7243285924775411
2025-1345-1313,0.8686630911135013
2025-1345-1314,0.7539691535536931
2025-1345-1328,0.6925731195044659
2025-1345-1361,0.7539691535536931
2025-1345-1384,0.8686630911135013
2025-1345-1385,0.43417518508745834
2025-1345-1400,0.7539691535536931
2025-1345-1401,0.5107187518800239
2025-1345-1403,0.4722840856783636
2025-1345-1407,0.829412820035089
2025-1345-1417,0.6235065358232131
2025-1345-1423,0.829412820035089
2025-1345-1429,0.7243285924775411
2025-1345-1459,0.8500929821525013
2025-1345-1462,0.7539691535536931
2025-1345-1463,0.8065290469198179
2025-1345-1471,0.7813846133554377
2025-1352-1106,0.5490271043904089
2025-1352-1110,0.5490271043904089
2025-1352-1116,0.32598227641018485
2025-1352-1120,0.10801835955461186
2025-1352-1136,0.5107187518800239
2025-1352-1155,0.18306647858295352
2025-1352-1161,0.39682897030369974
2025-1352-1163,0.2622839339242245
2025-1352-1166,0.29312133663482076
2025-1352-1179,0.3606476196757848
2025-1352-1188,0.5490271043904089
2025-1352-1196,0.10801835955461186
2025-1352-1208,0.29312133663482076
2025-1352-1211,0.2622839339242245
2025-1352-1213,0.43417518508745834
2025-1352-1219,0.43417518508745834
2025-1352-1222,0.10801835955461186
2025-1352-1228,0.20720609478049373
2025-1352-1235,0.1414344888198872
2025-1352-1242,0.233618548035873
2025-1352-1246,0.1414344888198872
2025-1352-1252,0.4722840856783636
2025-1352-1257,0.2622839339242245
2025-1352-1266,0.233618548035873
2025-1352-1268,0.16116743084587362
2025-1352-1270,0.39682897030369974
2025-1352-1272,0.18306647858295352
2025-1352-1276,0.18306647858295352
2025-1352-1277,0.12376113568790008
2025-1352-1279,0.20720609478049373
2025-1352-1281,0.20720609478049373
2025-1352-1291,0.5490271043904089
2025-1352-1303,0.5107187518800239
2025-1352-1307,0.32598227641018485
2025-1352-1313,0.5490271043904089
2025-1352-1314,0.3606476196757848
2025-1352-1328,0.29312133663482076
2025-1352-1345,0.16116743084587362
2025-1352-1361,0.3606476196757848
2025-1352-1384,0.5490271043904089
2025-1352-1385,0.12376113568790008
2025-1352-1397,0.12376113568790008
2025-1352-1400,0.3606476196757848
2025-1352-1401,0.16116743084587362
2025-1352-1403,0.1414344888198872
2025-1352-1407,0.4722840856783636
2025-1352-1417,0.233618548035873
2025-1352-1423,0.4722840856783636
2025-1352-1429,0.32598227641018485
2025-1352-1459,0.5107187518800239
2025-1352-1462,0.3606476196757848
2025-1352-1463,0.43417518508745834
2025-1352-1471,0.39682897030369974
2025-1361-1106,0.6925731195044659
2025-1361-1116,0.4722840856783636
2025-1361-1136,0.6588823491045602
2025-1361-1161,0.5490271043904089
2025-1361-1163,0.39682897030369974
2025-1361-1179,0.5107187518800239
2025-1361-1196,0.18306647858295352
2025-1361-1213,0.586762964479468
2025-1361-1242,0.3606476196757848
2025-1361-1252,0.6235065358232131
2025-1361-1268,0.2622839339242245
2025-1361-1272,0.29312133663482076
2025-1361-1281,0.32598227641018485
2025-1361-1303,0.6588823491045602
2025-1361-1313,0.6925731195044659
2025-1361-1328,0.43417518508745834
2025-1361-1384,0.6925731195044659
2025-1361-1385,0.20720609478049373
2025-1361-1403,0.233618548035873
2025-1361-1423,0.6235065358232131
2025-1361-1463,0.586762964479468
2025-1361-1471,0.5490271043904089
2025-1384-1116,0.29312133663482076
2025-1384-1161,0.3606476196757848
2025-1384-1163,0.233618548035873
2025-1384-1179,0.32598227641018485
2025-1384-1196,0.09406314155204047
2025-1384-1213,0.39682897030369974
2025-1384-1242,0.20720609478049373
2025-1384-1268,0.1414344888198872
2025-1384-1272,0.16116743084587362
2025-1384-1281,0.18306647858295352
2025-1384-1303,0.4722840856783636
2025-1384-1313,0.5107187518800239
2025-1384-1328,0.2622839339242245
2025-1384-1385,0.10801835955461186
2025-1384-1403,0.12376113568790008
2025-1384-1423,0.43417518508745834
2025-1385-1116,0.7813846133554377
2025-1385-1161,0.829412820035089
2025-1385-1163,0.7243285924775411
2025-1385-1179,0.8065290469198179
2025-1385-1213,0.8500929821525013
2025-1385-1242,0.6925731195044659
2025-1385-1268,0.586762964479468
2025-1385-1272,0.6235065358232131
2025-1385-1281,0.6588823491045602
2025-1385-1303,0.8852433217733948
2025-1385-1313,0.8999714590569488
2025-1385-1328,0.7539691535536931
2025-1385-1403,0.5490271043904089
2025-1385-1423,0.8686630911135013
2025-1388-1103,0.7243285924775411
2025-1388-1106,0.8065290469198179
2025-1388-1110,0.8065290469198179
2025-1388-1116,0.6235065358232131
2025-1388-1120,0.29312133663482076
2025-1388-1124,0.586762964479468
2025-1388-1136,0.7813846133554377
2025-1388-1155,0.43417518508745834
2025-1388-1161,0.6925731195044659
2025-1388-1163,0.5490271043904089
2025-1388-1166,0.586762964479468
2025-1388-1179,0.6588823491045602
2025-1388-1188,0.8065290469198179
2025-1388-1196,0.29312133663482076
2025-1388-1208,0.586762964479468
2025-1388-1211,0.5490271043904089
2025-1388-1213,0.7243285924775411
2025-1388-1219,0.7243285924775411
2025-1388-1222,0.29312133663482076
2025-1388-1228,0.4722840856783636
2025-1388-1235,0.3606476196757848
2025-1388-1242,0.5107187518800239
2025-1388-1246,0.3606476196757848
2025-1388-1251,0.6925731195044659
2025-1388-1252,0.7539691535536931
2025-1388-1257,0.5490271043904089
2025-1388-1266,0.5107187518800239
2025-1388-1268,0.39682897030369974
2025-1388-1270,0.6925731195044659
2025-1388-1272,0.43417518508745834
2025-1388-1276,0.43417518508745834
2025-1388-1277,0.32598227641018485
2025-1388-1279,0.4722840856783636
2025-1388-1280,0.5490271043904089
2025-1388-1281,0.4722840856783636
2025-1388-1285,0.7539691535536931
2025-1388-1291,0.8065290469198179
2025-1388-1303,0.7813846133554377
2025-1388-1307,0.6235065358232131
2025-1388-1313,0.8065290469198179
2025-1388-1314,0.6588823491045602
2025-1388-1328,0.586762964479468
2025-1388-1345,0.39682897030369974
2025-1388-1352,0.7813846133554377
2025-1388-1361,0.6588823491045602
2025-1388-1384,0.8065290469198179
2025-1388-1385,0.32598227641018485
2025-1388-1397,0.32598227641018485
2025-1388-1400,0.6588823491045602
2025-1388-1401,0.39682897030369974
2025-1388-1403,0.3606476196757848
2025-1388-1407,0.7539691535536931
2025-1388-1417,0.5107187518800239
2025-1388-1423,0.7539691535536931
2025-1388-1429,0.6235065358232131
2025-1388-1433,0.6588823491045602
2025-1388-1435,0.6235065358232131
2025-1388-1459,0.7813846133554377
2025-1388-1462,0.6588823491045602
2025-1388-1463,0.7243285924775411
2025-1388-1471,0.6925731195044659
2025-1397-1106,0.8999714590569488
2025-1397-1116,0.7813846133554377
2025-1397-1120,0.4722840856783636
2025-1397-1136,0.8852433217733948
2025-1397-1155,0.6235065358232131
2025-1397-1161,0.829412820035089
2025-1397-1163,0.7243285924775411
2025-1397-1166,0.7539691535536931
2025-1397-1179,0.8065290469198179
2025-1397-1188,0.8999714590569488
2025-1397-1196,0.4722840856783636
2025-1397-1208,0.7539691535536931
2025-1397-1211,0.7243285924775411
2025-1397-1213,0.8500929821525013
2025-1397-1219,0.8500929821525013
2025-1397-1228,0.6588823491045602
2025-1397-1235,0.5490271043904089
2025-1397-1242,0.6925731195044659
2025-1397-1246,0.5490271043904089
2025-1397-1252,0.8686630911135013
2025-1397-1257,0.7243285924775411
2025-1397-1266,0.6925731195044659
2025-1397-1268,0.586762964479468
2025-1397-1270,0.829412820035089
2025-1397-1272,0.6235065358232131
2025-1397-1276,0.6235065358232131
2025-1397-1277,0.5107187518800239
2025-1397-1279,0.6588823491045602
2025-1397-1281,0.6588823491045602
2025-1397-1303,0.8852433217733948
2025-1397-1307,0.7813846133554377
2025-1397-1313,0.8999714590569488
2025-1397-1314,0.8065290469198179
2025-1397-1328,0.7539691535536931
2025-1397-1345,0.586762964479468
2025-1397-1361,0.8065290469198179
2025-1397-1384,0.8999714590569488
2025-1397-1385,0.5107187518800239
2025-1397-1400,0.8065290469198179
2025-1397-1401,0.586762964479468
2025-1397-1403,0.5490271043904089
2025-1397-1407,0.8686630911135013
2025-1397-1417,0.6925731195044659
2025-1397-1423,0.8686630911135013
2025-1397-1429,0.7813846133554377
2025-1397-1459,0.8852433217733948
2025-1397-1462,0.8065290469198179
2025-1397-1463,0.8500929821525013
2025-1397-1471,0.829412820035089
2025-1400-1106,0.6925731195044659
2025-1400-1116,0.4722840856783636
2025-1400-1120,0.18306647858295352
2025-1400-1136,0.6588823491045602
2025-1400-1161,0.5490271043904089
2025-1400-1163,0.39682897030369974
2025-1400-1166,0.43417518508745834
2025-1400-1179,0.5107187518800239
2025-1400-1188,0.6925731195044659
2025-1400-1196,0.18306647858295352
2025-1400-1213,0.586762964479468
2025-1400-1219,0.586762964479468
2025-1400-1235,0.233618548035873
2025-1400-1242,0.3606476196757848
2025-1400-1252,0.6235065358232131
2025-1400-1257,0.39682897030369974
2025-1400-1266,0.3606476196757848
2025-1400-1268,0.2622839339242245
2025-1400-1270,0.5490271043904089
2025-1400-1272,0.29312133663482076
2025-1400-1276,0.29312133663482076
2025-1400-1277,0.20720609478049373
2025-1400-1279,0.32598227641018485
2025-1400-1281,0.32598227641018485
2025-1400-1303,0.6588823491045602
2025-1400-1307,0.4722840856783636
2025-1400-1313,0.6925731195044659
2025-1400-1314,0.5107187518800239
2025-1400-1328,0.43417518508745834
2025-1400-1361,0.5107187518800239
2025-1400-1384,0.6925731195044659
2025-1400-1385,0.20720609478049373
2025-1400-1401,0.2622839339242245
2025-1400-1403,0.233618548035873
2025-1400-1407,0.6235065358232131
2025-1400-1423,0.6235065358232131
2025-1400-1459,0.6588823491045602
2025-1400-1462,0.5107187518800239
2025-1400-1463,0.586762964479468
2025-1400-1471,0.5490271043904089
2025-1401-1106,0.8686630911135013
2025-1401-1116,0.7243285924775411
2025-1401-1136,0.8500929821525013
2025-1401-1161,0.7813846133554377
2025-1401-1163,0.6588823491045602
2025-1401-1166,0.6925731195044659
2025-1401-1179,0.7539691535536931
2025-1401-1196,0.39682897030369974
2025-1401-1213,0.8065290469198179
2025-1401-1242,0.6235065358232131
2025-1401-1252,0.829412820035089
2025-1401-1257,0.6588823491045602
2025-1401-1266,0.6235065358232131
2025-1401-1268,0.5107187518800239
2025-1401-1272,0.5490271043904089
2025-1401-1276,0.5490271043904089
2025-1401-1279,0.586762964479468
2025-1401-1281,0.586762964479468
2025-1401-1303,0.8500929821525013
2025-1401-1307,0.7243285924775411
2025-1401-1313,0.8686630911135013
2025-1401-1314,0.7539691535536931
2025-1401-1328,0.6925731195044659
2025-1401-1361,0.7539691535536931
2025-1401-1384,0.8686630911135013
2025-1401-1385,0.43417518508745834
2025-1401-1403,0.4722840856783636
2025-1401-1423,0.829412820035089
2025-1401-1463,0.8065290469198179
2025-1401-1471,0.7813846133554377
2025-1403-1116,0.7539691535536931
2025-1403-1161,0.8065290469198179
2025-1403-1163,0.6925731195044659
2025-1403-1179,0.7813846133554377
2025-1403-1213,0.829412820035089
2025-1403-1242,0.6588823491045602
2025-1403-1268,0.5490271043904089
2025-1403-1272,0.586762964479468
2025-1403-1281,0.6235065358232131
2025-1403-1303,0.8686630911135013
2025-1403-1313,0.8852433217733948
2025-1403-1328,0.7243285924775411
2025-1403-1423,0.8500929821525013
2025-1407-1106,0.586762964479468
2025-1407-1116,0.3606476196757848
2025-1407-1120,0.12376113568790008
2025-1407-1136,0.5490271043904089
2025-1407-1161,0.43417518508745834
2025-1407-1163,0.29312133663482076
2025-1407-1166,0.32598227641018485
2025-1407-1179,0.39682897030369974
2025-1407-1188,0.586762964479468
2025-1407-1196,0.12376113568790008
2025-1407-1213,0.4722840856783636
2025-1407-1235,0.16116743084587362
2025-1407-1242,0.2622839339242245
2025-1407-1252,0.5107187518800239
2025-1407-1257,0.29312133663482076
2025-1407-1266,0.2622839339242245
2025-1407-1268,0.18306647858295352
2025-1407-1272,0.20720609478049373
2025-1407-1276,0.20720609478049373
2025-1407-1277,0.1414344888198872
2025-1407-1279,0.233618548035873
2025-1407-1281,0.233618548035873
2025-1407-1303,0.5490271043904089
2025-1407-1307,0.3606476196757848
2025-1407-1313,0.586762964479468
2025-1407-1314,0.39682897030369974
2025-1407-1328,0.32598227641018485
2025-1407-1361,0.39682897030369974
2025-1407-1384,0.586762964479468
2025-1407-1385,0.1414344888198872
2025-1407-1401,0.18306647858295352
2025-1407-1403,0.16116743084587362
2025-1407-1423,0.5107187518800239
2025-1407-1459,0.5490271043904089
2025-1407-1463,0.4722840856783636
2025-1407-1471,0.43417518508745834
2025-1417-1106,0.8065290469198179
2025-1417-1116,0.6235065358232131
2025-1417-1120,0.29312133663482076
2025-1417-1136,0.7813846133554377
2025-1417-1161,0.6925731195044659
2025-1417-1163,0.5490271043904089
2025-1417-1166,0.586762964479468
2025-1417-1179,0.6588823491045602
2025-1417-1188,0.8065290469198179
2025-1417-1196,0.29312133663482076
2025-1417-1208,0.586762964479468
2025-1417-1211,0.5490271043904089
2025-1417-1213,0.7243285924775411
2025-1417-1219,0.7243285924775411
2025-1417-1235,0.3606476196757848
2025-1417-1242,0.5107187518800239
2025-1417-1252,0.7539691535536931
2025-1417-1257,0.5490271043904089
2025-1417-1266,0.5107187518800239
2025-1417-1268,0.39682897030369974
2025-1417-1270,0.6925731195044659
2025-1417-1272,0.43417518508745834
2025-1417-1276,0.43417518508745834
2025-1417-1277,0.32598227641018485
2025-1417-1279,0.4722840856783636
2025-1417-1281,0.4722840856783636
2025-1417-1303,0.7813846133554377
2025-1417-1307,0.6235065358232131
2025-1417-1313,0.8065290469198179
2025-1417-1314,0.6588823491045602
2025-1417-1328,0.586762964479468
2025-1417-1361,0.6588823491045602
2025-1417-1384,0.8065290469198179
2025-1417-1385,0.32598227641018485
2025-1417-1400,0.6588823491045602
2025-1417-1401,0.39682897030369974
2025-1417-1403,0.3606476196757848
2025-1417-1407,0.7539691535536931
2025-1417-1423,0.7539691535536931
2025-1417-1429,0.6235065358232131
2025-1417-1459,0.7813846133554377
2025-1417-1462,0.6588823491045602
2025-1417-1463,0.7243285924775411
2025-1417-1471,0.6925731195044659
2025-1423-1303,0.5490271043904089
2025-1423-1313,0.586762964479468
2025-1429-1106,0.7243285924775411
2025-1429-1116,0.5107187518800239
2025-1429-1120,0.20720609478049373
2025-1429-1136,0.6925731195044659
2025-1429-1161,0.586762964479468
2025-1429-1163,0.43417518508745834
2025-1429-1166,0.4722840856783636
2025-1429-1179,0.5490271043904089
2025-1429-1188,0.7243285924775411
2025-1429-1196,0.20720609478049373
2025-1429-1213,0.6235065358232131
2025-1429-1219,0.6235065358232131
2025-1429-1235,0.2622839339242245
2025-1429-1242,0.39682897030369974
2025-1429-1252,0.6588823491045602
2025-1429-1257,0.43417518508745834
2025-1429-1266,0.39682897030369974
2025-1429-1268,0.29312133663482076
2025-1429-1270,0.586762964479468
2025-1429-1272,0.32598227641018485
2025-1429-1276,0.32598227641018485
2025-1429-1277,0.233618548035873
2025-1429-1279,0.3606476196757848
2025-1429-1281,0.3606476196757848
2025-1429-1303,0.6925731195044659
2025-1429-1307,0.5107187518800239
2025-1429-1313,0.7243285924775411
2025-1429-1314,0.5490271043904089
2025-1429-1328,0.4722840856783636
2025-1429-1361,0.5490271043904089
2025-1429-1384,0.7243285924775411
2025-1429-1385,0.233618548035873
2025-1429-1400,0.5490271043904089
2025-1429-1401,0.29312133663482076
2025-1429-1403,0.2622839339242245
2025-1429-1407,0.6588823491045602
2025-1429-1423,0.6588823491045602
2025-1429-1459,0.6925731195044659
2025-1429-1462,0.5490271043904089
2025-1429-1463,0.6235065358232131
2025-1429-1471,0.586762964479468
2025-1433-1103,0.586762964479468
2025-1433-1106,0.6925731195044659
2025-1433-1110,0.6925731195044659
2025-1433-1116,0.4722840856783636
2025-1433-1120,0.18306647858295352
2025-1433-1136,0.6588823491045602
2025-1433-1155,0.29312133663482076
2025-1433-1161,0.5490271043904089
2025-1433-1163,0.39682897030369974
2025-1433-1166,0.43417518508745834
2025-1433-1179,0.5107187518800239
2025-1433-1188,0.6925731195044659
2025-1433-1196,0.18306647858295352
2025-1433-1208,0.43417518508745834
2025-1433-1211,0.39682897030369974
2025-1433-1213,0.586762964479468
2025-1433-1219,0.586762964479468
2025-1433-1222,0.18306647858295352
2025-1433-1228,0.32598227641018485
2025-1433-1235,0.233618548035873
2025-1433-1242,0.3606476196757848
2025-1433-1246,0.233618548035873
2025-1433-1251,0.5490271043904089
2025-1433-1252,0.6235065358232131
2025-1433-1257,0.39682897030369974
2025-1433-1266,0.3606476196757848
2025-1433-1268,0.2622839339242245
2025-1433-1270,0.5490271043904089
2025-1433-1272,0.29312133663482076
2025-1433-1276,0.29312133663482076
2025-1433-1277,0.20720609478049373
2025-1433-1279,0.32598227641018485
2025-1433-1281,0.32598227641018485
2025-1433-1285,0.6235065358232131
2025-1433-1291,0.6925731195044659
2025-1433-1303,0.6588823491045602
2025-1433-1307,0.4722840856783636
2025-1433-1313,0.6925731195044659
2025-1433-1314,0.5107187518800239
2025-1433-1328,0.43417518508745834
2025-1433-1345,0.2622839339242245
2025-1433-1352,0.6588823491045602
2025-1433-1361,0.5107187518800239
2025-1433-1384,0.6925731195044659
2025-1433-1385,0.20720609478049373
2025-1433-1397,0.20720609478049373
2025-1433-1400,0.5107187518800239
2025-1433-1401,0.2622839339242245
2025-1433-1403,0.233618548035873
2025-1433-1407,0.6235065358232131
2025-1433-1417,0.3606476196757848
2025-1433-1423,0.6235065358232131
2025-1433-1429,0.4722840856783636
2025-1433-1459,0.6588823491045602
2025-1433-1462,0.5107187518800239
2025-1433-1463,0.586762964479468
2025-1433-1471,0.5490271043904089
2025-1435-1103,0.6235065358232131
2025-1435-1106,0.7243285924775411
2025-1435-1110,0.7243285924775411
2025-1435-1116,0.5107187518800239
2025-1435-1120,0.20720609478049373
2025-1435-1136,0.6925731195044659
2025-1435-1155,0.32598227641018485
2025-1435-1161,0.586762964479468
2025-1435-1163,0.43417518508745834
2025-1435-1166,0.4722840856783636
2025-1435-1179,0.5490271043904089
2025-1435-1188,0.7243285924775411
2025-1435-1196,0.20720609478049373
2025-1435-1208,0.4722840856783636
2025-1435-1211,0.43417518508745834
2025-1435-1213,0.6235065358232131
2025-1435-1219,0.6235065358232131
2025-1435-1222,0.20720609478049373
2025-1435-1228,0.3606476196757848
2025-1435-1235,0.2622839339242245
2025-1435-1242,0.39682897030369974
2025-1435-1246,0.2622839339242245
2025-1435-1251,0.586762964479468
2025-1435-1252,0.6588823491045602
2025-1435-1257,0.43417518508745834
2025-1435-1266,0.39682897030369974
2025-1435-1268,0.29312133663482076
2025-1435-1270,0.586762964479468
2025-1435-1272,0.32598227641018485
2025-1435-1276,0.32598227641018485
2025-1435-1277,0.233618548035873
2025-1435-1279,0.3606476196757848
2025-1435-1281,0.3606476196757848
2025-1435-1285,0.6588823491045602
2025-1435-1291,0.7243285924775411
2025-1435-1303,0.6925731195044659
2025-1435-1307,0.5107187518800239
2025-1435-1313,0.7243285924775411
2025-1435-1314,0.5490271043904089
2025-1435-1328,0.4722840856783636
2025-1435-1345,0.29312133663482076
2025-1435-1352,0.6925731195044659
2025-1435-1361,0.5490271043904089
2025-1435-1384,0.7243285924775411
2025-1435-1385,0.233618548035873
2025-1435-1397,0.233618548035873
2025-1435-1400,0.5490271043904089
2025-1435-1401,0.29312133663482076
2025-1435-1403,0.2622839339242245
2025-1435-1407,0.6588823491045602
2025-1435-1417,0.39682897030369974
2025-1435-1423,0.6588823491045602
2025-1435-1429,0.5107187518800239
2025-1435-1433,0.5490271043904089
2025-1435-1459,0.6925731195044659
2025-1435-1462,0.5490271043904089
2025-1435-1463,0.6235065358232131
2025-1435-1471,0.586762964479468
2025-1458-1103,0.829412820035089
2025-1458-1106,0.8852433217733948
2025-1458-1110,0.8852433217733948
2025-1458-1112,0.5490271043904089
2025-1458-1116,0.7539691535536931
2025-1458-1120,0.43417518508745834
2025-1458-1124,0.7243285924775411
2025-1458-1136,0.8686630911135013
2025-1458-1140,0.6235065358232131
2025-1458-1155,0.586762964479468
2025-1458-1161,0.8065290469198179
2025-1458-1163,0.6925731195044659
2025-1458-1166,0.7243285924775411
2025-1458-1179,0.7813846133554377
2025-1458-1188,0.8852433217733948
2025-1458-1196,0.43417518508745834
2025-1458-1208,0.7243285924775411
2025-1458-1211,0.6925731195044659
2025-1458-1213,0.829412820035089
2025-1458-1219,0.829412820035089
2025-1458-1222,0.43417518508745834
2025-1458-1228,0.6235065358232131
2025-1458-1235,0.5107187518800239
2025-1458-1242,0.6588823491045602
2025-1458-1246,0.5107187518800239
2025-1458-1251,0.8065290469198179
2025-1458-1252,0.8500929821525013
2025-1458-1257,0.6925731195044659
2025-1458-1266,0.6588823491045602
2025-1458-1268,0.5490271043904089
2025-1458-1270,0.8065290469198179
2025-1458-1272,0.586762964479468
2025-1458-1276,0.586762964479468
2025-1458-1277,0.4722840856783636
2025-1458-1279,0.6235065358232131
2025-1458-1280,0.6925731195044659
2025-1458-1281,0.6235065358232131
2025-1458-1285,0.8500929821525013
2025-1458-1291,0.8852433217733948
2025-1458-1303,0.8686630911135013
2025-1458-1307,0.7539691535536931
2025-1458-1313,0.8852433217733948
2025-1458-1314,0.7813846133554377
2025-1458-1328,0.7243285924775411
2025-1458-1332,0.586762964479468
2025-1458-1345,0.5490271043904089
2025-1458-1352,0.8686630911135013
2025-1458-1361,0.7813846133554377
2025-1458-1384,0.8852433217733948
2025-1458-1385,0.4722840856783636
2025-1458-1388,0.6588823491045602
2025-1458-1397,0.4722840856783636
2025-1458-1400,0.7813846133554377
2025-1458-1401,0.5490271043904089
2025-1458-1403,0.5107187518800239
2025-1458-1407,0.8500929821525013
2025-1458-1417,0.6588823491045602
2025-1458-1423,0.8500929821525013
2025-1458-1429,0.7539691535536931
2025-1458-1433,0.7813846133554377
2025-1458-1435,0.7539691535536931
2025-1458-1459,0.8686630911135013
2025-1458-1462,0.7813846133554377
2025-1458-1463,0.829412820035089
2025-1458-1471,0.8065290469198179
2025-1459-1106,0.5490271043904089
2025-1459-1116,0.32598227641018485
2025-1459-1120,0.10801835955461186
2025-1459-1136,0.5107187518800239
2025-1459-1161,0.39682897030369974
2025-1459-1163,0.2622839339242245
2025-1459-1166,0.29312133663482076
2025-1459-1179,0.3606476196757848
2025-1459-1188,0.5490271043904089
2025-1459-1196,0.10801835955461186
2025-1459-1213,0.43417518508745834
2025-1459-1235,0.1414344888198872
2025-1459-1242,0.233618548035873
2025-1459-1252,0.4722840856783636
2025-1459-1257,0.2622839339242245
2025-1459-1266,0.233618548035873
2025-1459-1268,0.16116743084587362
2025-1459-1272,0.18306647858295352
2025-1459-1276,0.18306647858295352
2025-1459-1277,0.12376113568790008
2025-1459-1279,0.20720609478049373
2025-1459-1281,0.20720609478049373
2025-1459-1303,0.5107187518800239
2025-1459-1307,0.32598227641018485
2025-1459-1313,0.5490271043904089
2025-1459-1314,0.3606476196757848
2025-1459-1328,0.29312133663482076
2025-1459-1361,0.3606476196757848
2025-1459-1384,0.5490271043904089
2025-1459-1385,0.12376113568790008
2025-1459-1401,0.16116743084587362
2025-1459-1403,0.1414344888198872
2025-1459-1423,0.4722840856783636
2025-1459-1463,0.43417518508745834
2025-1459-1471,0.39682897030369974
2025-1462-1106,0.6925731195044659
2025-1462-1116,0.4722840856783636
2025-1462-1120,0.18306647858295352
2025-1462-1136,0.6588823491045602
2025-1462-1161,0.5490271043904089
2025-1462-1163,0.39682897030369974
2025-1462-1166,0.43417518508745834
2025-1462-1179,0.5107187518800239
2025-1462-1188,0.6925731195044659
2025-1462-1196,0.18306647858295352
2025-1462-1213,0.586762964479468
2025-1462-1219,0.586762964479468
2025-1462-1235,0.233618548035873
2025-1462-1242,0.3606476196757848
2025-1462-1252,0.6235065358232131
2025-1462-1257,0.39682897030369974
2025-1462-1266,0.3606476196757848
2025-1462-1268,0.2622839339242245
2025-1462-1270,0.5490271043904089
2025-1462-1272,0.29312133663482076
2025-1462-1276,0.29312133663482076
2025-1462-1277,0.20720609478049373
2025-1462-1279,0.32598227641018485
2025-1462-1281,0.32598227641018485
2025-1462-1303,0.6588823491045602
2025-1462-1307,0.4722840856783636
2025-1462-1313,0.6925731195044659
2025-1462-1314,0.5107187518800239
2025-1462-1328,0.43417518508745834
2025-1462-1361,0.5107187518800239
2025-1462-1384,0.6925731195044659
2025-1462-1385,0.20720609478049373
2025-1462-1401,0.2622839339242245
2025-1462-1403,0.233618548035873
2025-1462-1407,0.6235065358232131
2025-1462-1423,0.6235065358232131
2025-1462-1459,0.6588823491045602
2025-1462-1463,0.586762964479468
2025-1462-1471,0.5490271043904089
2025-1463-1106,0.6235065358232131
2025-1463-1116,0.39682897030369974
2025-1463-1136,0.586762964479468
2025-1463-1161,0.4722840856783636
2025-1463-1163,0.32598227641018485
2025-1463-1179,0.43417518508745834
2025-1463-1196,0.1414344888198872
2025-1463-1213,0.5107187518800239
2025-1463-1242,0.29312133663482076
2025-1463-1252,0.5490271043904089
2025-1463-1268,0.20720609478049373
2025-1463-1272,0.233618548035873
2025-1463-1281,0.2622839339242245
2025-1463-1303,0.586762964479468
2025-1463-1313,0.6235065358232131
2025-1463-1328,0.3606476196757848
2025-1463-1384,0.6235065358232131
2025-1463-1385,0.16116743084587362
2025-1463-1403,0.18306647858295352
2025-1463-1423,0.5490271043904089
2025-1471-1106,0.6588823491045602
2025-1471-1116,0.43417518508745834
2025-1471-1136,0.6235065358232131
2025-1471-1161,0.5107187518800239
2025-1471-1163,0.3606476196757848
2025-1471-1179,0.4722840856783636
2025-1471-1196,0.16116743084587362
2025-1471-1213,0.5490271043904089
2025-1471-1242,0.32598227641018485
2025-1471-1252,0.586762964479468
2025-1471-1268,0.233618548035873
2025-1471-1272,0.2622839339242245
2025-1471-1281,0.29312133663482076
2025-1471-1303,0.6235065358232131
2025-1471-1313,0.6588823491045602
2025-1471-1328,0.39682897030369974
2025-1471-1384,0.6588823491045602
2025-1471-1385,0.18306647858295352
2025-1471-1403,0.20720609478049373
2025-1471-1423,0.586762964479468
2025-1471-1463,0.5490271043904089
